Id_company,Company Name,Id_company,Address,Website ,Email ,Phone ,MST ,Establish year,Size ,Key customers ,Key Product ,Notes 
a75ky23s,Công ty Cổ phần Đầu tư Thương mại và Phát triển Công nghệ Hòa Bình - Việt Nam,a75ky23s,"Lô B7 & B8, ngõ 187 Nguyễn Tuân, Nhân Chính, Thanh Xuân, Hà Nội",https://uavvietnam.net/,admin@hoabinh.org,0243.5656.898,0106735244,,,,,
m68oe69b,Công Ty Cổ Phần Sundrone Việt Nam,m68oe69b,"U2-15 đường số 5, khu dân cư Miền Nam, Phường Hưng Phú, Quận Cái Răng, Thành phố Cần Thơ, Việt Nam",https://sundrone.vn/,contact@sundrone.vn,052 233 7799,1801734798,,,,,
e18ju91m,CÔNG TY TNHH THIẾT BỊ BAY PHƯƠNG TÍN,e18ju91m,"Số 40 Lý Thái Tổ, Đông Kinh, Lạng Sơn",https://phuongtindrone.vn/,,056 800 0888,4900890666,,,,,
q92yc39y,CÔNG TY CỔ PHẦN CÔNG NGHỆ THÔNG MINH MISMART,q92yc39y,"68 Nguyễn Huệ, phường Bến Nghé, Quận 1, Thành phố Hồ Chí Minh.",https://mismart.ai/,info@mismart.ai,1800 28 28 59,316054643,,,,,
z23gg78s,CÔNG TY TNHH DRONE SÔNG HỒNG,z23gg78s,"Thôn 1, Xã Xuân Sinh, Huyện Thọ xuân, Tỉnh Thanh Hóa",https://dronesonghong.vn/,xagsonghong@gmail.com,0985.649.219,2803035677,,,,,
a16xv50b,Công ty Cổ phần Dịch vụ Nông nghiệp MAJ (MAJ Việt Nam),a16xv50b,"Số 9, Ngõ 52 Quan Nhân, Trung Hòa,  Cầu Giấy, Hà Nội",https://maj.com.vn/,support@maj.com.vn,0868.210.632,109488459,,,,,
d44us76g,CÔNG TY CỔ PHẦN THIẾT BỊ THẮNG LỢI,d44us76g,"số 6 Hòa Mã, P. Phạm Đình Hổ, Q. Hai Bà Trưng, Tp. Hà Nội",https://victory.com.vn/,Info@victory.com.vn,0243 976 1588,100516510,,,,,
v57xk43u,CÔNG TY CỔ PHẦN THIẾT BỊ BAY AGRIDRONE VIỆT NAM,v57xk43u,"4329 Nguyễn Cửu Phú, Phường Tân Tạo A, Quận Bình Tân, Thành phố Hồ Chí Minh",https://agridrone.vn/,contact@agridrone.vn,03 3838 9999,0316128013,,,,,
a51hj49j,CÔNG TY CỔ PHẦN THIẾT BỊ BAY DRONE VIỆT NAM,a51hj49j,"Bình Tân, Hồ Chí Minh",https://droneviet.vn/,Contact@droneviet.vn,0773 74 6666,0316128013,,,,,
r73jh70b,CÔNG TY CỔ PHẦN DIGIDRONE,r73jh70b,"Võ Văn Kiệt, Khóm 3, TT. Tràm Chim, Tam nông, Đồng Tháp",https://digidrone.vn/,contact@digidrone.vn,096 866 8899,,,,,,
y34yt99g,Viet-Flycam,y34yt99g,"167 đường số 4, Khu Đô Thị Vạn Phúc City, Thủ Đức, Hồ Chí Minh",https://vietflycam.com/,Vietflycam@gmail.com,0782 333 399,,,,,,
e67ln11f,DJI VIETNAM | FLYCAMPRO,e67ln11f,"15 Lý Thái Tổ, P1, Q10, Tp HCM",https://flycampro.vn/,Info.FlycamPro@gmail.com,028.3835.3962,0315045572,,,,,
t79oj16d,TẬP ĐOÀN CT GROUP,t79oj16d,"Léman Building – 20 Trương Định, Quận 3, TP.Hồ Chí Minh",https://ctgroupvietnam.com/,info@ctgroupvietnam.com,(+84) 911 807 668 ,0308469355,,,,,
e86jq98e,AGS Technologies,e86jq98e,"14 Trần Hưng Đạo, Hà Nội, Việt Nam",https://agstech.vn/,contact@agstech.vn,07 9988 5588,,,,,,
r45gz63c,CÔNG TY CỔ PHẦN CÔNG NGHỆ NGUYỄN KIM,r45gz63c,Số 17 ngõ 1/3 Vũ Trọng Khánh - Mộ Lao - Hà Đông - Hà Nội,https://nguyenkimjsc.vn/,thietbidodac.vn@gmail.com,024.22 459 594,,,,,,
b75gq98z,CÔNG TY CỔ PHẦN THIẾT BỊ BAY CÁNH DIỀU VIỆT,b75gq98z,"647/24A Quốc lộ 13, phường Hiệp Bình Phước, TP. Thủ Đức, Hồ Chí Minh.",https://canhdieuviet.vn/,contact@canhdieuviet.vn,05 66 55 88 99 ,0317560868,,,,,
d44xa48n,CÔNG TY CỔ PHẦN ĐẠI THÀNH,d44xa48n,"Số 4, Phố Dã Tượng, Đ. Lê Văn Thịnh, P. Suối Hoa, TP Bắc Ninh.",https://globalcheck.com.vn/,cskh@daithanhtech.com,02223893 528,2300246223,,,,,
n76ja44q,CÔNG TY CỔ PHẦN AIRNANO VIỆT NAM,n76ja44q,"Số 50, đường Nguyễn Hữu Thọ, Phường Xuân Phú, Thành phố Huế",https://www.airnano.vn/,,0989.75.6688 ,3301709973,,,,,
i66dk91v,CÔNG TY TNHH ĐẤT HỢP,i66dk91v,"Số 2, Đường số 4, Khu nhà ở Vạn Phúc 1, P. Hiệp Bình Phước, TP. Thủ Đức, TP. HCM",https://dathop.com/,cskh@dathop.com.vn,0283 6208 606,0302 919 086,,,,,
n93xo54u,Linh Kiện Store ,n93xo54u,15 Thăng Long P.4 Q. Tân Bình Tp. HCM,https://linhkienstore.vn/,Xuanluu@linhkienstore.vn,0937 374 784,,,,,,
q57hu71h,GTECHSTORE,q57hu71h,"LK09 Khu Ngoại Giao Đoàn, Tây Hồ, Hà Nội",https://www.gtechstore.vn/,gtechstorehn.vn@gmail.com,036 402 6855,,,,,,
y93pk40h,VNFAST DOKI DOKIMI,y93pk40h,"4324/4 Nguyễn Cửu Phú, Tân Tạo A, Bình Tân",https://dokimi.vn/,ngoducphu89@gmail.com,0397999396/0962623839,,,,,,
o22rl47e,HOBBYTECH,o22rl47e,Tầng 1B số 159 Bạch Đằng - Phường Thượng Lý - Quận Hồng Bàng - TP Hải Phòng,https://hobbytech.vn/,admin@hobbytech.vn,0886.54.1886,0202127658,,,,,
h96va56t,CÔNG TY TNHH CÔNG NGHỆ ABM VIỆT NAM,h96va56t,"Phòng 408, Lầu 3, 296 Nguyễn Văn Đậu, Phường 11, Bình Thạnh, Thành phố Hồ Chí Minh, Việt Nam",https://abm-vietnam.com/,abmvietnam@hotmail.com,090 870 0277,0312008491,,,,,
j15if16s,AONIC (HQ),j15if16s,"Phường Đa Kao, Quận 1, Thành Phố Hồ Chí Minh",https://aonic.com/vn/,info.vn@patricklee.xyz,028 3535 0740,0317461257,,,,,
i32es43q,XAG MeKong,i32es43q,"Khóm 3, Thị Trấn Tràm Chim, Tam Nông, Đồng Tháp",https://xagmekong.vn/,sales@xagmekong.com,0794.133.133,0316958053,,,,,
q93og42m,Shop Đồ Chơi Điều Khiển Quận 10,q93og42m,"Hẽm 162 Trần Nhân Tôn ,Phường 2, Quận 10, Tp HCM (Vô hẽm 20m)",https://shoptoy.vn/,cskh@shoptoy.vn,0902 500 053,,,,,,
d98wm36k,THEGIOIMAY.VN,d98wm36k,"96-98 Đường 5A, Phường Bình Hưng Hòa A, Quận Bình Tân, Tp. Hồ Chí Minh",https://thegioimay.vn/,phanquochung@gmail.com,0988 39 77 33,,,,,,
c39sr57x,Flycam Giá Rẻ,c39sr57x,110/4 Trung Kính - Cầu Giấy - Hà Nội,https://flycamgiare.vn/,Flycamgiare.vn@gmail.com,0962.212.606,,,,,,
n76ua21g,AGRAS VIỆT NAM,n76ua21g,"14 Trần Hưng Đạo, Q. Hoàn Kiếm, Hà Nội",https://agras.vn/,contact@agras.vn,08.6886.5558,0109127036,,,,,
n71ln41n,TRUNG TÂM ĐẲNG CẤP DIGITAL,n71ln41n,"24 Rạch Bùng Binh, P10, Q.3, HCM",https://dangcapdigital.vn/,dangcapdigital.vn@gmail.com,090 799 8837,,,,,,
e76xh88u,Linh Kiện RC,e76xh88u,Số 3 Ngách 334 Ngõ 192 Lê Trọng Tấn - Khương Mai - Thanh Xuân - Hà Nội,https://linhkienrc.com/,linhkienrc@gmail.com,096 181 0116,,,,,,
t72wv82z,Công Ty Cổ Phần GeoTech Global,t72wv82z,"Thôn Bỗng Phồn, xã Vĩnh Hòa, huyện Vĩnh Lộc, tỉnh Thanh Hóa, Việt Nam",https://geotech.vn,Geotech.global.jsc@gmail.com,0344.653.789,2802966666,,,,,
f72oy63p,Mood FPV Việt Nam,f72oy63p,"Số 16 Phố Đê Tô Hoàng - Bạch Mai, Phường Bách Khoa, Quận Hai Bà Trưng, Hà Nội",https://moodfpv.com/,moodfpv@gmail.com,03 958 37 958,,,,,,
c23vs70d,CÔNG TY TNHH KỸ THUẬT CÔNG NGHIỆP SAO VIỆT,c23vs70d,"Số nhà 5/13/51/151 Nguyễn Đức Cảnh, P.Tương Mai, Q.Hoàng Mai, TP.Hà Nội",https://haitech.vn/,saoviet.intec@gmail.com,024.85858429 - 090.226.70.50,,,,,,
h18ik86z,VIETDRONE,h18ik86z,"Căn nhà số 12, Đường D3 Khu Dân Cư Mega Ruby, Tổ 9 Khu phố 2, Đường Phú Hữu, Thành phố Thủ Đức",https://www.vietdrone.vn/,admin@vietdrone.vn,0978 357 681,,,,,,
z90qm45m,Vua Mô Hình,z90qm45m,"Số 7/1 hẻm 7 đường số 44, P.14, Q. Gò Vấp",https://vuamohinh.com/,VuaMoHinh@gmail.com,0912.707.292,,,,,,
h20tw74x,Đại Lý Đồ Chơi,h20tw74x,"36 Trần Thủ Độ, Phú Thạnh, Tân Phú, Hồ Chí Minh",https://dailydochoi.com/,dochoidaily@gmail.com,0965233892 - 0834999399,,,,,,
u30pf70l,Công ty TNHH Đồ Sáng Tạo,u30pf70l,"434 Nguyễn Văn Công, P3, Gò Vấp, HCM",https://www.dosangtao.vn/,dosangtao@gmail.com,0907.560.678,,,,,,
o34oq95a,Trường An Equipment,o34oq95a,"25/49/3 P.Sơn Kỳ, Q.Tân Phú, Thành phố Hồ Chí Minh.",https://tae.vn/,contact@tae.vn,0833 811 811,,,,,,
z39jv57e,Công ty cổ phần Linh Kiện Việt Nam,z39jv57e,Số 64 phố Hoàng Sâm - Cầu Giấy - Hà Nội,https://linhkienvietnam.vn/,sale@linhkienvn.com,0933.000.266,,,,,,
m96lk70d,JOLA ,m96lk70d,"120 Trần Minh Quyền, P.11, Q.10, TP.HCM",https://jola.vn/,sale.jola.vn@gmail.com,0906 997 704,,,,,,
d57rf53q,Công ty cổ phần Chima Việt Nam,d57rf53q,"Tầng 12, Tháp C, Toà nhà Hồ Gươm Plaza - 102 Trần Phú - Quận Hà Đông - TP Hà Nội - Việt Nam;",https://chima.vn/,Support@chima.vn,0974855368 - 0768165777,,,,,,
s79dx60p,Shop linh kiện điện tử Thủ Đức,s79dx60p,"23/5/14 Đường TA16, Phường Thới An, Q.12",https://linhkiendientuthuduc.com/,anhtaispk@gmail.com,0961.811.107,,,,,,
z90ze61r,CÔNG TY TNHH NGÂN ANH PHÁT,z90ze61r,"D3, KP3, Phường Tam Hòa, TP.Biên Hòa - Đồng Nai",www.ngananhphat.com,"info@ngananhphat.com, sales@ngananhphat.com",(+84) 2513 857 563,,,,,,
r70pw38r,CÔNG TY CỔ PHẦN KHOA HỌC SÁNG TẠO ROBOTICS,r70pw38r,"121 Bùi Xương Trạch, phường Khương Đình, Thanh Xuân, Hà Nội.",https://robocon.vn/,dienturobocon@gmail.com,0931.118.199,,,,,,
q88ae53q,"CÔNG TY TNHH ENGITECH (ENGITECH CO., LTD)",q88ae53q,"12/1 Đường 5D, P. Bình Hưng Hòa A, Q. Bình Tân, TPHCM",https://shop.thuviencokhi.com/,sales@engitech.vn,0938.117.931 – 0938.356.533,,,,,,
s22yo47x,CÔNG TY CỔ PHẦN NHÔM NGỌC DIỆP,s22yo47x,360 Điện Biên Phủ - Bình Thạnh – TP. Hồ Chí Minh,https://nhomdinostar.vn/,,028. 3514. 4769,,,,,,
q67fo87s,CÔNG TY CỔ PHẦN NHÔM HYUNDAI VIỆT NAM,q67fo87s,"Lô CN 3.1, KCN Phú Nghĩa – Chương Mỹ- Hà Nội",https://nhamaynhomhyundai.vn/,nhamaynhomhyundaivn@gmail.com,0929.322.355,,,,,,
i62yb54o,CÔNG TY TNHH NHÔM ĐÔNG Á,i62yb54o,"Cụm CN Tân Dân, TP Chí Linh, Tỉnh Hải Dương",https://nhomdonga.vn,sales@nhomdonga.vn,0084-220.359.2956,,,,,,
n11hu48w,CÔNG TY TNHH TUNGYANG,n11hu48w,"Xã Cẩm Phúc, Huyện Cẩm Giàng, Tỉnh Hải Dương, Việt Nam",https://tungyang.com.vn/,tungyang@ricco.com.vn,02203630888 - 0912022433,,,,,,
h64uj46o,Công ty TNHH Công nghiệp Tungshin,h64uj46o,"Số 8, đường 18, Khu Công nghiệp Sóng Thần 2, Bình Dương, Việt Nam.",https://www.tungshinaluminum.com/home.php,tungshin@tungshinaluminum.com,(84 - 0274) 3790 889,,,,,,
a94qk22t,CÔNG TY CỔ PHẦN NHÔM VIỆT PHÁP,a94qk22t,Lô A2 – CN8 – KCN Từ Liêm – TP Hà Nội,https://nhomvietphap.com/,info@nhomvietphap.com,024 3780 5194,,,,,,
x57fp28j,CÔNG TY CỔ PHẦN TỔ HỢP CÔNG NGHIỆP XÂY DỰNG NAM HẢI,x57fp28j,"Số 01-9A, Khu đô thị Vĩnh Hoàng, Phường Hoàng Văn Thụ, Quận Hoàng Mai, Hà Nội",https://namhai.com.vn/gioi-thieu/,info@namhai.com.vn,0246.2843.697,,,,,,
z39nt11c,CÔNG TY TNHH SẢN XUẤT NHÔM TRƯỜNG THÀNH,z39nt11c,"Lô H23 - H28, đường N1, KCN Nam Thuận, Đức Hòa, Long An",https://nhomtruongthanh.vn/,cskh@nhomtruongthanh.vn,0243.868.5555 – 08.1212.0099,,,,,,
t89ph14r,CÔNG TY CỔ PHẦN NHÔM ĐÔ THÀNH,t89ph14r,Khu công nghiệp vừa và nhỏ Phú Thị - Gia Lâm - Hà Nội,https://grando.vn/,info@grando.vn ,024 3678 5445,,,,,,
q61pj92r,CÔNG TY TNHH LONG VÂN NTV,q61pj92r,"76 Đại lộ Bình Dương, Phường Lái Thiêu, Thành phố Thuận An, Tỉnh Bình Dương, Việt Nam",https://longvan.com.vn/,loval@hcm.vnn.vn ,(84) 274 375 8593,,,,,,
p75hk38h,Công Ty Cổ Phần Oristar,p75hk38h,"Tầng 9, Toà Nhà Detech, Số 8, Tôn Thất Thuyết, P. Mỹ Đình 2, Q. Nam Từ Liêm, Hà Nội.",www.oristar.vn,Info@oristar.vn,096 815 8496,,,,,,
b57oq96c,Công Ty TNHH Kim Khí Hoàng Ngọc,b57oq96c,"Tổ dân phố Như Thiết, P. Hồng Thái, TX. Việt Yên, Bắc Giang",www.kimkhihoangngoc.com,hoangngocmetal@gmail.com,0976 630 666,,,,,,
u74vx54z,Công Ty TNHH Xuất Nhập Khẩu Dịch Vụ Thương Mại Hang Xin,u74vx54z,"28/8B Ấp Thới Tây 1, X. Tân Hiệp, H. Hóc Môn, TP. Hồ Chí Minh",www.hangxinalu.com,hangxin88@gmail.com,0903 326 048,,,,,,
a20fk34v,Công Ty TNHH Xây Dựng Cơ Khí Và Thương Mại T&T,a20fk34v,"Thôn 5, Thượng Vỹ, Xã Nhân Chính, Huyện Lý Nhân, Hà Nam",www.kimloaimautvt.com,nhuthien888@gmail.com,0969 190 588,,,,,,
r75no44s,Công Ty TNHH Đông Dương Aluminium,r75no44s,"Thôn Mẫn Xá, Xã Văn Môn, Huyện Yên Phong, Bắc Ninh",www.dongduongalu.bizz.vn,phuctienman@gmail.com,0988 356 898,,,,,,
t10al69p,Công Ty TNHH Dongdopro,t10al69p,"Số 23A/109 Trường Chinh, P. Phương Liệt, Q. Thanh Xuân, Hà Nội",www.dongdopro.com,hongduong@dongdopro.com,0977 220 000,,,,,,
l72zm64y,Công Ty TNHH Garmco Metals Việt Nam,l72zm64y,"Lô 1-1&2 Đường N3-2, KCN Long Đức, X. Long Đức, H. Long Thành, Đồng Nai",www.garmco.com,luudung.nguyen@garmco.com,0931 339 566 ,,,,,,
l15so63e,Công Ty TNHH Nhôm Bảo Khôi,l15so63e,"KCN Hoàng Gia, Xã Mỹ Hạnh Nam, Huyện Đức Hòa, Long An",www.kimloaibaokhoi.com,sales.baokhoi@gmail.com,090 185 1169,,,,,,
a11tr14r,Công Ty TNHH Một Thành Viên Kha Hưng,a11tr14r,"47/10-12 Hà Tôn Quyền, P. 15, Q. 5, TP. Hồ Chí Minh",www.dongthaunhomkhahung.com,ctytnhhmtvkhahung@gmail.com,0908 311 676,,,,,,
o62vn60u,Công Ty TNHH Kim Loại Màu Hà Nội,o62vn60u,"Số 20, Lô 2A, Khu Đô Thị Mới Trung Yên, Phường Yên Hoà, Quận Cầu Giấy, Hà Nội",www.kimloaimau.com,ctykimloaimauhn@gmail.com,0888 588 288 ,,,,,,
v72on63d,Công Ty Cổ Phần Aluminum Hàn Việt,v72on63d,"Lô CN7, KCN Điềm Thụy, P. Hồng Tiến. TP. Phổ Yên, Thái Nguyên",www.aluminumhanviet.com.vn,alhanviet@gmail.com,0968 907 669,,,,,,
b55gy27t,Công Ty TNHH Tái Chế Xanh Việt Nam,b55gy27t,"Lô 6,7,8 Bình Than, Khu Bồ Sơn 3, P. Võ Cường, TP. Bắc Ninh, Bắc Ninh",www.grvmetal.com,infor@grvmetal.com,0905 786 996,,,,,,
b87ex10c,Công Ty Cổ Phần Kim Loại Toàn Cầu,b87ex10c,"118 An Phú Đông 03, Khu Phố 5, Phường An Phú Đông, Quận 12, TP. Hồ Chí Minh",www.kimloaitoancau.com,kimloaitoancau@gmail.com,(028) 22295000,,,,,,
t30ys12z,Nhà Máy Nhôm Việt Pháp,t30ys12z,"Lô KT, KCN Phúc Sơn, Đường Trần Nhân Tông, P. Ninh Sơn, TP. Ninh Bình, Ninh Bình",www.vietphapshal.com.vn,sales@vietphapshal.com.vn,0988 899 691,,,,,,
y86su46m,Công Ty TNHH Nhôm Minh Dũng,y86su46m,"Thửa Đất Số 11, Tờ Bản Đồ 50, Cụm CN Dốc Sặt, P. Trang Hạ, TX. Từ Sơn, Bắc Ninh",www.nhomminhdung.vn,minhdung.ltd.vn@gmail.com,0853 555 888,,,,,,
s88gr18g,Công Ty TNHH Almine Việt Nam,s88gr18g,"KCN Lương Sơn, Xã Hòa Sơn, Huyện Lương Sơn, Hòa Bình",www.almine-v.com,sales-operation@almine-v.com,(0218) 3871 700 ,,,,,,
x27fp67n,Công Ty TNHH Xuất Nhập Khẩu Thương Mại An Phát Gia,x27fp67n,"398B Mã Lò, KP. 10, P. Bình Hưng Hòa A, Q. Bình Tân, TP. Hồ Chí Minh",www.anphatgia.com ,ctyanphatgia@gmail.com,0779 733 156,,,,,,
o75ro23n,Công Ty TNHH Thương Mại & Kỹ Thuật Quốc Phát,o75ro23n,"50/11/15 Đường 79, P. Phước Long B, TP. Thủ Đức, TP. Hồ Chí Minh (TPHCM)",www.kimloaiinox.com,account@quocphat.com,093 1452 769,,,,,,
l88ne80i,Công Ty TNHH Thương Mại Đầu Tư Phát Triển Nhôm Châu Âu,l88ne80i,"Số 289 Tổ Dân Phố Bình Minh, Thị Trấn Trâu Quỳ, Huyện Gia Lâm, Hà Nội",www.nhomdinhhinhca.com,tandungpp@gmail.com,964728822,,,,,,
f19pv63k,Công Ty TNHH MTV TM DV Minh Phát Steel,f19pv63k,"96/51/22 Trương Văn Vĩnh, P. Tân Bình, TP. Dĩ An, Bình Dương",www.minhphatsteel.com,minhphatsteel68@gmail.com,0974 812 832,,,,,,
y85ah18b,Công Ty Cổ Phần Banhay,y85ah18b,"Số 303 Vĩnh Hưng, Q. Hoàng Mai, Hà Nội", www.kimloaimau.banhay.vn,info@banhay.com,0981 611 919 ,,,,,,
q60wl86f,Công Ty Cổ Phần Tập Đoàn Ngọc Thiên Global,q60wl86f,"T07-OF-07 Tầng 2, Tòa Nhà T7 Time City, 458 Minh Khai, P. Vĩnh Tuy, Q. Hai Bà Trưng, Hà Nội",www.ngocthienglobaljsc.com,trinhphanthien.group@gmail.com,0972 526 676,,,,,,
l51yg27o,Chi Nhánh Công Ty TNHH Xuất Nhập Khẩu Dịch Vụ Thương Mại Hang Xin,l51yg27o,"Thôn Vũ Hạ, Xã An Vũ, Huyện Quỳnh Phụ, Thái Bình",www.hangxinalu.com,hangxin88@gmail.com,0903 613 688,,,,,,
x71sq90w,Công Ty TNHH Sản Xuất Thương Mại Dịch Vụ Nghi Quân,x71sq90w,"Số 158 Văn Thân, P. 8, Q. 6, TP. Hồ Chí Minh",www.nghiquan.com,nghiquan2009@gmail.com,(028) 3967 1502 ,,,,,,
c67am98v,Công Ty Cổ Phần Top American Việt Nam,c67am98v,"Lô G-4B-CN, KCN Mỹ Phước 2, TX. Bến Cát, Bình Dương",www.tac-industry.com,info@tac-industry.com,0933 178 272,,,,,,
j68wo13d,Công ty cổ phần SCG Việt Nam,j68wo13d,"Số 3 ngõ 342/29 đường Hồ Tùng Mậu, P.Phú Diễn, Q.Bắc Từ Liêm, TP.Hà Nội, Việt Nam",vinascg.com,scg.vietnamjsc@gmail.com,84937577666,108030419,,,,,
a25dz78w,Công  TNHH Công Nghệ Dalian Shungji,a25dz78w,"Tầng 45, Tian' một Tòa nhà Quốc tế, 88 Đường Trung Sơn, Quận Trung Sơn, Đại Liên",https://vn.shj-carbon.com/,baikun@shungji.com,-82311517,,,,,,
r39ot34i,CÔNG TY CỔ PHẦN KỸ THUẬT XÂY DỰNG BÁCH KHOA,r39ot34i,"177 Đường Tân Sơn, Phường 15, Quận Tân Bình, TP.HCM",https://bachkhoaec.com/gioi-thieu,bachkhoaec@gmail.com,0964 06 99 44,316837764,,,,,
r33ze56d,CÔNG TY TNHH NHẬT ĐÌNH,r33ze56d,181 Đường Cầu Diễn – Hà Nội,www.vatlieucomposite.com,,974128860,108600820,,,,,
e18xd88o,CÔNG TY TNHH MTV HOÀI TÍN,e18xd88o,"B01.04 Saigon Gateway, 702 XL Hà Nội, Hiệp Phú, Tp. Thủ Đức, Tp. Hồ Chí Minh",www.hoaitin.com,dennyour@gmail.com,(028) 3722.5881,,,,,,
u77rh51o,CÔNG TY TNHH TM & DV USS VIỆT NAM,u77rh51o,"HCM: 1177 Huỳnh Tấn Phát, Quận 7, TP Hồ Chí Minh",https://chongtham.info.vn/,ussvietnam99@gmail.com,906191027,107312259,,,,,
h61lk13p,CÔNG TY TNHH GIẢI PHÁP CÔNG NGHỆ PCM,h61lk13p,"Tầng 7, Số 60 Nguyễn Văn Thủ, Phường Đa Kao, Quận 1, TP. Hồ Chí Minh",https://pcmtech.vn/product-category/soi-carbon/,pcm@pcmtech.vn,931876066,316546814,,,,,
e84el35c,Công ty TNHH công nghệ vật liệu Composite Thành Thắng ,e84el35c,"384 Phạm Văn Đồng, tổ dân phố Lợi Thịnh, Phường Cam Lợi, Thành phố Cam Ranh, Tỉnh Khánh Hòa",www.compositethanhthang.com,thanhthang@tatechco.com,025 83953499,4200596926,38488,51-100,,,
h46qg69b,Công Ty TNHH SX TM DV Kỹ Thuật Gia Lâm COMPOSITE,h46qg69b,"55/18 Đường Huỳnh Thị Hai, Khu Phố 9, Phường Tân Chánh Hiệp, Quận 12, TP. Hồ Chí Minh",www.gialamcomposite.com,Gialamfrp@gmail.com,0912540505,0315236859,2021,,"Khách hàng lớn, vừa, nhà máy, xưởng, công ty sản xuất,..",,
z46bd35q,Công Ty TNHH Sản Xuất Thương Mại Nhựa Anh Khải,z46bd35q,"182/8 Ấp Tân Thới 3, X. Tân Hiệp, H. Hóc Môn",www.anhkhaicomposite.com,anhkhai.frp@gmail.com,0908 789 089 - (028) 36360168,0304954978,2007,,"Nhà máy xí nghiệp, đơn vị thi công xây dựng, nhà máy sản xuất, công ty môi trường,..",,
y61nw66d,Công ty TNHH Thương mại và Dịch vụ Tân Trường Thịnh,y61nw66d,"Số 23, Phố Thanh Lân, P. Thanh Trì, Q. Hoàng Mai, Tp. Hà Nội",https://tantruongthinh.vn/,tantruongthinh2009@gmail.com,0904 375 624,0104352983,40177,,,,
c66no45o,Công Ty TNHH Thương Mại Kiên Phi,c66no45o,"496/2 Đường Hậu Giang, Phường 12, Quận 6, TP. Hồ Chí Minh",kienphi.com.vn,Sales@kienphi.com,0362 005 002,0318170099,45247,,,,
k65mb82a,Công Ty TNHH Một Thành Viên Sản Xuất Và Công Nghệ Toàn Hùng Phát,k65mb82a,"17 Huỳnh Mẫn Đạt, Phường Hòa Cường Bắc, Quận Hải Châu, Tp. Đà Nẵng", www.thpcomposite.com.vn,toanhungphatcompany@gmail.com,0903 565 808 ,0401553964,2013,51-100,"Doanh nghiệp mua số lượng lớn, công ty, tập đoàn, nhà máy,..",,
x60ao53r,Công Ty TNHH Sản Xuất Thương Mại Và Dịch Vụ Hợp Long Thành,x60ao53r,"Tổ 9, Khối Phố Đà Sơn, P. Hòa Khánh Nam, Q. Liên Chiểu, Tp. Đà Nẵng",www.compositehoplongthanh.com.vn,congtyhoplongthanh@gmail.com,(0236) 2680848,0401354398,2010,11-50,,,
r98ox43l,Công Ty TNHH Composite Thuận Phước,r98ox43l,"102 Đặng Văn Bi, P. Bình Thọ, TP. Thủ Đức, TP. Hồ Chí Minh",www.compositethuanphuoc.com,compositethuanphuoc@gmail.com,0845313239,0316757420,2021,,"Công ty, doanh nghiệp nội thất, đại lý phân phối, nhà mua lớn,..",,
e95wy51e,Công Ty TNHH Sản Xuất & Thương Mại Vĩ Đức,e95wy51e,"348 Ấp Bình Hữu 1, X. Đức Hòa Thượng, H. Đức Hòa, Long An",www.viduccomposite.bizz.vn,viduc_composite@yahoo.com.vn,"(0272) 3850946, 0908 400 188",1100685849,2000,11-50,,,
f66wf54z,Công Ty Cổ Phần Vật Liệu Mới MG Việt Nam,f66wf54z,"Lô 30 BT4 - 3, KĐT Vinaconex 3, Trung Văn, Quận Nam Từ Liêm, Hà Nội",www.mgcomposite.com,mgjsc.sale@gmail.com,(024) 32007654,0107676150,2016,11-50,,,
r19id15x,Công Ty TNHH Phát Triển Công Nghệ Polyme Hoàng Linh,r19id15x,"Số Nhà 21, Tổ 20, Phường Thượng Thanh, Quận Long Biên, Hà Nội",www.compositehoanglinh.vn,polymehoanglinh@gmail.com,"0988775480, 0989887580",0104963118,2010,,,,
n71zz54j,Công Ty Cổ Phần Đầu Tư Công Nghiệp Và Thương Mại A&A,n71zz54j,"Số 2A/33, Quốc Lộ 5 Mới, An Trì 2, P. Hùng Vương, Q. Hồng Bàng, Tp. Hải Phòng",www.ana-jsc.com,sales@ana-jsc.com,(0225) 7301789 ,0200870836,2009,11-50,,,
q94aq85s,Công Ty Cổ Phần Nhựa Mai Anh Quân DNA,q94aq85s,"Lô D1, Đường Số 10, KCN Hòa Khánh, P. Hoà Khánh Bắc, Q. Liên Chiểu, Tp. Đà Nẵng",www.seedoplastic.com,seedoplastic@gmail.com," 0905656525, 0905400906",0401659008,2015,,Customer with large order,,
v22jq55t,Công Ty Cổ Phần Thương Mại Và Sản Xuất FRP Việt Nam,v22jq55t,"P. 1707, Nhà 17T10, Nguyễn Thị Định, P. Trung Hòa, Q. Cầu Giấy, Hà Nội",www.frpvina.com,maivansu.frp@gmail.com,"0913.512.563, 0989.885.836",0107963638,,,,,
w61ht28n,Công Ty TNHH Thương Mại Sản Xuất Dịch Vụ Hiệp Phát Composite,w61ht28n,"362/54/1A Nguyễn Ái Quốc, KP. 10, P. Hố Nai, TP. Biên Hòa, Đồng Nai",www.compositehiepphat.com,sales@compositehiepphat.com,(0251) 3888147 ,3603364002,2014,51-100,,,
q90um36u,Công Ty TNHH Sản Xuất Thương Mại & Dịch Vụ Kỹ Thuật Hoa Đăng,q90um36u,"22 Đường 15, KP. Gò Công, P. Long Thạnh Mỹ, TP. Thủ Đức, TP. Hồ Chí Minh",www.hoadangcomposite.vn,kinhdoanh@hoadangcomposite.vn,"(028) 62805598, 0918644259",0305772970,2008,11-50,,,
g40qe56l,Vinatank - Công Ty TNHH Cơ Khí Linh Phát,g40qe56l,"Số 3, Đường 40, P. Hiệp Bình Chánh, TP. Thủ Đức, TP. Hồ Chí Minh",www.vinatank.vn,contact@vinatank.vn,"(028) 54224192, 0902880455",0304807123,2007,11-50,"Khách hàng lớn và vừa, doanh nghiệp, đối tác thương mại, phân phối,..",,
w58hx48k,Công Ty TNHH Một Thành Viên Xuất Nhập Khẩu T.L.S,w58hx48k,"Tổ 25, KP. 4, P. Trảng Dài, Tp. Biên Hòa, Đồng Nai",www.tlsvietnam.com,info@tlsvietnam.com,0909 362 617,3603345803,2016,,,,
o66vm70e,Công Ty Cổ Phần Đầu Tư Và Phát Triển Công Nghệ Vật Liệu Composit Sao Đỏ,o66vm70e,"Số 2, ngõ 46, phố Trường Lâm, Phường Đức Giang, Quận Long Biên, Thành phố Hà Nội, Việt Nam",www.compositesaodo.com.vn,compositsaodo@gmail.com,(024) 36523989,0101954796,38862,11-50,,,
j75kx50l,Công Ty TNHH Chembase Vina,j75kx50l,"Đường N4, Lô M, KCN Lộc An - Bình Sơn, X. Long An, H. Long Thành, Đồng Nai",www.chembasevina.vn,dothiyvi@gmail.com,"(0251) 368516, 0343 154 602",3603592471,2018,,,,
a18vk19q,CÔNG TY CỔ PHẨN COMPOSITE VÀ CÔNG NGHỆ ÁNH DƯƠNG,a18vk19q,"39 Lệnh Cư, Khâm Thiên, Đống Đa, Hà Nội",https://boncomposite.com/,anhduongcompositevn@gmail.com,0944 724 688,104023202,2013,,,,
m49xn23q,Công Ty Cổ Phần Sản Xuất Thương Mại Và Đầu Tư Hợp Phát,m49xn23q,"P.307, Nhà T10, CT18, KĐT Việt Hưng, P. Giang Biên, Q. Long Biên, Hà Nội",www.hophaco.com,conghuyenhp@gmail.com,(024) 62951611 ,0105216020,2011,50-100,,,
z47gi80c,Công Ty TNHH Sản Xuất Và Thương Mại Nhựa 247,z47gi80c,"390A Bùi Công Trừng, X. Nhị Bình, H. Hóc Môn, TP. Hồ Chí Minh",www.nhua247.com,kinhdoanh@nhua247.com,0908156186,,,,"Người mua lớn và vừa, công ty vận chuyển, giao hàng, công trình công cộng, công ty thu gom rác,..",,
t35yj82m,Công Ty TNHH Thương Mại Kiên Trung Long,t35yj82m,"99 Đường 44 Trương Đình Hội, P. 16, Q. 8, TP. Hồ Chí Minh",www.kientrunglong.vn,sales.kientrunglong@gmail.com,"(028) 38776251, 0903602805",0303 478 010,2004,11-50,,,
w70xh76r,Công Ty TNHH Nhựa Tân Kim Long,w70xh76r," Số 2, Ấp Tân Hựu, X. Tân Nhuận Đông, H. Châu Thành, Đồng Tháp",www.nhuatankimlong.com,tungngoc6868@gmail.com,"0918689859, 0943421949",1402044496,1997,51-100,,,
u97ht66r,CÔNG TY TNHH SẢN XUẤT THƯƠNG MẠI DỊCH VỤ CƠ KHÍ THÀNH ANH ÁNH,u97ht66r,"Số 34, Đường Mỹ Phước Tân Vạn, Khu Phố Tân Phú, Phường Tân Bình, Thành Phố Dĩ An, Bình Dương",www.congtythanhanhanh.com, congtythanhanhanh@gmail.com,0383.772.779 - 0901464579,3703088483,2022,,,,
u32hz20e,Công Ty TNHH Cơ Khí Chính Xác Việt Nhật Tân,u32hz20e,"35/19/15 Phan Văn Hớn, Phường Tân Thới Nhất, Quận 12, TP. Hồ Chí Minh",www.vietnhattan.com.vn,vntpmthanhhung@gmail.com,(028) 62591213,0311632636,2012,51-100,,,
h70nf55n,Công Ty Cổ Phần Sunz Precision,h70nf55n,"Lô A 9C CN, KCN Bàu Bàng, Thị Trấn Lai Uyên, Huyện Bàu Bàng, Bình Dương",www.nhe.com.vn,dangvanchanh99@gmail.com,0986249387,3701370815,2008,,,,
j41uy53l,Công Ty TNHH Cơ Khí Duy Khanh,j41uy53l," 310A Lũy Bán Bích, P. Hòa Thạnh, Q. Tân Phú, TP. Hồ Chí Minh",www.duykhanh.com,duykhanh@duykhanh.com," (028) 38650265, (028) 38608732",0302832068,1989,101-200,,,
d49cr79z,Công Ty TNHH Khôi Lạc,d49cr79z,"234/3 KP1, Quốc Lộ 1K, P. Linh Xuân, Q. Thủ Đức, TP. Hồ Chí Minh",www.khoilac.com,cokhikhoilac@gmail.com,0903 646 650,0312642757,2014,11-50,,,
z62il37j,Công Ty CP Ứng Dụng Công Nghệ Tiên Tiến Lê Hoàng Anh,z62il37j,"K 185 Lê Trọng Tấn, P. Hòa Phát, Q. Cẩm Lệ, Tp. Đà Nẵng",www.aatech.com.vn,cokhilehoanganh1510@gmail.com, (0236) 3661671,0400570822,2007,11-50,,,
q26lv54y,Công Ty TNHH Cơ Khí Sản Xuất Và Thương Mại Thành Hà,q26lv54y,"Số 2, Lô 2 KCN Lai Xá, X. Kim Chung, H. Hoài Đức, Hà Nội",www.cokhithanhha.net,cokhithanhha.vn@gmail.com,0966 078 510,0107673576,2017,11-50,,,
t14pt71a,Công Ty TNHH EQUAL Việt Nam,t14pt71a,"Lô B-4B9-CN, Đường NE5C, KCN Mỹ Phước 3, P. Thới Hòa, TX. Bến Cát, Bình Dương",www.equalvn.com,office@equalvn.com,(0274) 3801479,3702595120,2017,51-100,"Doanh nghiệp, đơn vị mua số lượng lớn",,
g84sg58v,Công Ty TNHH Thương Mại Và Sản Xuất Cơ Khí Hà Nội,g84sg58v,"Km 19, QL 32, Thượng Thụy, Đức Thượng, Hoài Đức, Hà Nội",www.cokhihn.com,vanhoangvn82@gmail.com,(024) 33639737,0104807165,2011,11-50,,,
w97bj41l,Công Ty TNHH Cơ Điện Việt Phúc Nhân,w97bj41l,"Tổ 6, Ấp 2, X. Vĩnh Tân, H. Vĩnh Cửu, Đồng Nai",www.vietphucnhan.com,vietdx@vietphucnhan.com,"(0251) 16270419, 0981 206 839",3603640189,2019,11-50,,,
i19ez42v,Công Ty TNHH Gia Công Chính Xác Apro,i19ez42v,"Số 9, Cụm KCN Số 26, P. Phước Tân, TP. Biên Hoà, Đồng Nai", www.aproengineering.com,sales04@aproengineering.com,0774.168.999,3603725851,2008,51-100,"Khách hàng doanh nghiệp, công ty sản xuất ô tô, công ty cơ khí,..",,
z83go49i,Công Ty TNHH Kỹ Nghệ Stand Dragon,z83go49i,"Khu Công Nghiệp Bàu Xéo, X. Sông Trầu, H. Trảng Bom, Đồng Nai",www.stand-dragon.com.vn,info@stand-dragon.com.vn,"(0251) 3677 562, 0908 551 658",3600880182,2007,101-200,"Công ty cơ khí, điện tử, công nghiệp máy, sản xuất và lắp ráp xe máy/ ô tô,..",,
s17sj97k,Công Ty TNHH Công Nghệ EME Việt Nam,s17sj97k,"Số 41, Thôn Sơn Du, X. Nguyên Khê, H. Đông Anh, Hà Nội",www.emetech.vn, emetech24@gmail.com,0388894449,0109703096,2011,11-50,,,
x32jr51v,Công Ty TNHH Cơ Khí Khánh Hà,x32jr51v,"Số 47, Tổ 2, Ấp Thống Nhất, Xã Vĩnh Thanh, Huyện Nhơn Trạch, Đồng Nai.",www.cokhikhanhha.com,cokhikhanhha18@gmail.com,0932663170,3603581494,2008,,Khách hàng có nhu cầu gia công cơ khí số lượng lớn,,
t51ji82r,Công Ty TNHH HMC Global,t51ji82r,"TH10-10, KĐT Quế Võ II, Huyện Quế Võ, Bắc Ninh",www.hmcgroup.vn,sales.hmcgroup@gmail.com,0879638999,2301179749,2021,,"Danh nghiệp lớn, doanh nghiệp FDP, nhà máy sản xuất và lắp ráp thiết bị máy móc công nghiệp",,
j11tx29u,Công Ty TNHH Cơ Khí Mai Hoàng,j11tx29u,"1985B, Tổ 1, KP. Vườn Dừa, P. Phước Tân, TP. Biên Hòa, Đồng Nai",www.maihoang-tech.com,maihoang.mfg@gmail.com,0903800789,3603377668,2016,,,,
p60cr96z,Công Ty TNHH Cơ Khí Chính Xác Hoàng Sơn,p60cr96z,"Thôn Tân Tiến, Xã Đông Phú, Huyện Lục Nam, Bắc Giang",www.hoangsoncnc.com,cokhichinhxachoangson@gmail.com,"0977721333, 0911171666",2400880634,2020,,,,
n36qr57q,Công Ty TNHH Thương Mại Kĩ Thuật Quang Khôi,n36qr57q,"Số 58, Phố Tân Áp, P. Phúc Xá, Q. Ba Đình, Hà Nội",www.quangkhoigroup.com.vn,ximaquangkhoi@gmail.com,0968.530.515,0108067916,2017,,,,
n72rm98w,Công Ty CP Tự Động Hóa Sơn Vũ,n72rm98w,"126 Cù Lao, Phường 2, Quận Phú Nhuận, TP. Hồ Chí Minh",www.lasercut.com.vn, catgiacong@gmail.com,"(028) 66723939, 0981810306",0313425699,2015,,"Khách hàng lớn, vừa, công ty sản xuất máy móc, thiết bị công nghiệp, công ty cơ điện,..",,
n67ja10u,Công Ty TNHH Cơ Khí Chính Xác Lộc Phát,n67ja10u,"305/1/14 Lê Văn Quới, Phường Bình Trị Đông, Quận Bình Tân, TP. Hồ Chí Minh",www.giacongepnhua.com,locphat86@khuonepnhua.com,(028) 36205786,0313520550,,11-50,"Công ty, doanh nghiệp sản xuất đồ gia dụng, thiết bị, máy móc,..",,
a90rf37o,Công Ty Cổ Phần Vật Tư Tân Trường,a90rf37o,"Ngõ 147 Tân Mai, Phường Tân Mai, Quận Hai Bà Trưng, Hà Nội",https://www.tantruong-precision.vn/,tantruong.tr@gmail.com,0338884444,0201154592,,,"Khách hàng lớn, vừa, đối tác thương mại, công ty sản xuất ô tô, linh kiện ô tô, bánh răng,..",,
l60un45l,Công Ty TNHH Khang Thiên Phước,l60un45l,"736 Ấp Trà Cổ, X. Bình Minh, H. Trảng Bom, Đồng Nai",www.khangthienphuoc.com.vn,Nguyenly@khangthienphuoc.com,(0251) 3864676,3603136165,2014,,,,
e43js65p,Công Ty TNHH Sơn Hà Phát,e43js65p,"10E Cư Xá Lắp Máy, Tổ 35, KP. 5, P. Trảng Dài, TP. Biên Hòa, Đồng Nai",www.cokhisonhaphat.com,shshintech@gmail.com, (0251) 3984307,3602279298,2009,,,,
u53mg93s,Công Ty TNHH Sản Xuất Và Dịch Vụ Nghĩa Phát,u53mg93s,"Thửa Đất 2192, Tờ Bản Đồ Số 3, KP. Châu Thới, P. Bình An, TP. Dĩ An, Bình Dương",www.nghiaphatmechanical.com, congtycokhinghiaphat@gmail.com,"0938855506, 0933260979",3702902903,2020,11-50,,,
o29xo61r,Công Ty Cổ Phần Công Nghệ Dako Việt Nam,o29xo61r,"Đường CN8, CCN Vừa Và Nhỏ Từ Liêm, Xuân Phương, H. Từ Liêm, Hà Nội",www.cokhidako.com,vanhoandt@gmail.com,"0972.337.978, 0983.952.019",0106865846,2008,11-50,,,
d36ma27c,Công ty Cổ phần Máy và Thiết bị Công nghiệp VINAMEC,d36ma27c,"Ng. 531 Đ. Bát Khối, tổ 8, Long Biên, Hà Nội",https://hem.vn/en/contact-us,contact@hem.vn,(028) 37661690,2300495597,,,,,
l67un69i,Công ty TNHH Công nghệ Lưu trữ Châu Á (ASTCO),l67un69i,"130 Lê Sao, P. Phú Thạnh, Q. Tân Phú Thành Phố Hồ Chí Minh",http://astco.vn/,tri.tran@astco.vn,(84-28) 3972 2781,304918190,,,,,
f37rv41l,Công ty TNHH Thiết bị Công nghệ Hoàng Anh,f37rv41l,Đại Bái - Huyện Gia Bình - Tỉnh Bắc Ninh.,http://hoanganhtech.com/vn/bai-viet/20/gioi-thieu.aspx,ha.kimloaimau@gmail.com,(024)36425268,2300247724,,,,,
y99bl33k,Công ty TNHH Công nghệ và Giải pháp SmartCom,y99bl33k,"Số 12/149 phố Cự Lộc, Phường Thượng Đình, Quận Thanh Xuân, Thành phố Hà Nội, Việt Nam",www.smartcom.vn,,466585340,106533336,,,,,
p92il66h,Công ty TNHH Công nghệ EBM,p92il66h,"Đường số 5, KCN Nhơn Trạch 3, Tỉnh Đồng Nai",https://ebm.com.vn/,,02835 192939 – 0909 555 888,106533336,,,,,
r62jq42c,Công ty CP Công nghệ Tinh Vân,r62jq42c,"Lầu 4 – D1 Tòa nhà Mirae Business, 268, Đ. Tô Hiến Thành, Phường 15, Quận 10, Hồ Chí Minh",http://www.tinhvan.vn/,,028 6296 6481,100509993,,,,,
g19bx64z,HEM - Công Ty Cổ Phần Chế Tạo Điện Cơ Hà Nội,g19bx64z,"Km12, Đường Cầu Diễn, P. Phúc Diễn, Q. Bắc Từ Liêm, Hà Nội",www.hem.vn,contact@hem.vn,0983 555 628,100100456,,,,,
f94bw80s,Điện Cơ Teco Việt Nam - Công Ty TNHH Công Nghệ Điện Cơ Teco Việt Nam,f94bw80s,"QL51, X. Long An, H. Long Thành, Đồng Nai",www.teco-vietnam.com,nguyenhungteco@gmail.com,"097 752 1380, 0911985959",3600729671,,,,,
j65ba36c,Động Cơ Điện An Hùng Minh - Công Ty TNHH Cơ Điện An Hùng Minh,j65ba36c,"TDP Văn Trì 3, P. Minh Khai, Q. Bắc Từ Liêm, Hà Nội",www.suachuadongcodien.com.vn,hungminhelectric@gmail.com,"0904 801 908, 0389 978 883",107046663,,,,,
l66sf16r,Động Cơ Điện TMX - Malaysia - Công Ty TNHH T.E.M. Engineering (Việt Nam),l66sf16r,"77/5A, Tân Thới Nhất 8, Tân Thới Nhất, Q. 12, TP. Hồ Chí Minh",www.tem.com.vn,phat@tem.com.my,0906488226,,,,,,
m87lp73a,Động Cơ Điện Hồng Ký - Công Ty TNHH Sản Xuất Thương Mại Cơ Khí Hồng Ký,m87lp73a,"38 Tây Lân, KP. 7, P. Bình Trị Đông A, Q. Bình Tân, TP. Hồ Chí Minh (TPHCM)",www.hongky.com,sales@hongky.com.vn,"(028) 7303 6536,",302268557,,,,,
k68ww52y,Máy Nén Khí NNT Tín Phát - Công Ty TNHH NNT Tín Phát,k68ww52y,"Số 296, Tổ 5, KP. Khánh Lộc, P. Tân Phước Khánh, TX. Tân Uyên, Bình Dương",www.maynenkhibinhduong.com.vn,cokhitronghoanbd@gmail.com,0933381237,3703054357,,,,,
m41ph51i,Công Ty TNHH Lan Minh Nguyễn,m41ph51i,"Số 10 Hoàng Diệu, P. 10, Q. Phú Nhuận, TP. Hồ Chí Minh (TPHCM)",www.lanminhco.vn,lanminhco123@gmail.com,"(028) 3845 7927,",302993072,,,,,
o15oh28i,Công Ty Cổ Phần Chế Tạo Máy Điện Việt Nam - Hungari 1,o15oh28i,"Đường 6B, KCN Hòa Khánh, P. Hòa Khánh Bắc, Q. Liên Chiểu, Tp. Đà Nẵng",www.vihem1.com.vn,vihemdanang@gmail.com,0944 177 362,400637065,,,,,
l51vg44b,Công Ty TNHH Một Thành Viên Thương Mại Linh Duy Phát,l51vg44b,"Số 4/5, KP. 4, P. An Phú, TP. Thuận An, Bình Dương",www.motorgiamtocbinhduong.com,vietquandolin@gmail.com,0941 732 485,3702419340,,,,,
d83jg44s,Công Ty Cổ Phần VN NaSa,d83jg44s,"Số nhà 465, Đường Tam Trinh, P. Hoàng Văn Thụ, Q. Hoàng Mai, Hà Nội",www.chocongnghiep.net.vn,nasa2979@gmail.com,(024) 6.675.1111,106821831,,,,,
q21sk65a,Công Ty TNHH Xuất Nhập Khẩu Thương Mại Đại Kinh Nam,q21sk65a,"Số 3, Đường ĐT743 KP.1B, P. An Phú, Tp. Thuận An, Bình Dương",www.daikinhnam.com.vn,daikinhnam@gmail.com,0916 954 952,3702473394,,,,,
t72qz18x,Công Ty TNHH Điện Cơ Hà Nội (HECO),t72qz18x,"Lô J12(A-B-C), Đường 10, KCN Lê Minh Xuân, X. Lê Minh Xuân, H. Bình Chánh, TP. Hồ Chí Minh (TPHCM)",www.heco.com.vn,info@heco.com.vn,090 2498 192,304776475,,,,,
w12th63m,Công Ty TNHH Đầu Tư Thương Mại Minh Á,w12th63m,"Số 15 ngõ 25 Phạm Thận Duật, P. Mai Dịch, Q. Cầu Giấy, Hà Nội",www.thuylucminha.com/dong-co-servo,minha@minhagroup.com,(024) 6295.0704,102018768,,,,,
v43nz50m,Công Ty TNHH Thương Mại Dịch Vụ Quốc Tế Liên Thắng,v43nz50m,"252 Đường TMT13, P. Trung Mỹ Tây, Q. 12, TP. Hồ Chí Minh (TPHCM)",www.lienthang.com,info@hopsogiamtoc.vn,"(028) 62679256, 0982303035",310731539,,,,,
c49fp50s,Nam Châm Hoàng Phát - Công Ty TNHH TM&XNK Hoàng Phát,c49fp50s,"Số 7, Ngách 16, Ngõ 29 Khương Hạ, P. Khương Đình, Q. Thanh Xuân, Hà Nội",www.namchamhp.com,namchamhoangphat@gmail.com,(024) 32252894,316159445,,,,,
d15go63e,Nam Châm Eternal Việt Nam - Công Ty TNHH ETERNAL Viet Nam,d15go63e,"25/19 Đường An Phú Đông 25, KP3, Phường An Phú Đông, Quận 12, TP. Hồ Chí Minh (TPHCM)",www.eternalvietnam.com,sales@eternalvietnam.com,0906 308 877,315129293,,,,,
x40dy89j,Nam Châm Hoàng Nhật Vũ - Công Ty TNHH Sản Xuất Và Thương Mại Hoàng Nhật Vũ,x40dy89j,"Số 9 đường số 10, Kp 4, Phường Hiệp Bình Chánh, Tp. Thủ Đức, TP. Hồ Chí Minh (TPHCM)",www.namcham.com,nghia.hnv@namcham.com,0907 601 616,303753813,,,,,
w15yh29w,Nam Châm Imag - Công Ty TNHH Sản Xuất Thương Mại Imag Vietnam,w15yh29w,"181-183 Nguyễn Sĩ Sách, P. 15, Q. Tân Bình, TP. Hồ Chí Minh (TPHCM)",www.imag.com.vn,huynhtam@imag.com.vn,(028) 38150636,315192746,,,,,
i35jd53x,Nam Châm Magta - Công Ty TNHH Nam Châm Magta,i35jd53x,"104/25/12 Trần Bá Giao, P. 5, Q. Gò Vấp, TP. Hồ Chí Minh (TPHCM)",www.magnetic.vn,magta@magta.com.vn,0937 818 368,311875621,,,,,
i44sr94z,Nam Châm KOS - Công Ty Cổ Phần Thương Mại Và Kỹ Nghệ KOS,i44sr94z,"P3, Khu B4b, P. Thành Công, Q. Ba Đình, Hà Nội",www.Vuanamcham.com,kosiatjsc@gmail.com,"(024) 62949868, 0966 5999 36",105793878,,,,,
k54mo85k,Nam Châm Việt Nhật,k54mo85k,"Số 35B, Tổ 1, Tân Bình, Xuân Mai, Chương Mỹ, Hà Nội",www.namchamvietnhat.com,hoangtuyen306@gmail.com,"0979 633 768, 0902 173 998",,,,,,
i37gj87t,Thế Giới Nam Châm - Công Ty TNHH ROYAL GROUP Việt Nam,i37gj87t,"Số 26/488 Trần Cung, P. Cổ Nhuế 1, Q. Bắc Từ Liêm, Hà Nội",www.thegioinamcham.com,contact@royalgroupvn.com,(024) 32191128,105882662,,,,,
w40zc50p,Nam Châm Giá Sỉ,w40zc50p,"234/3A Trần Kế Xương, P. 7, Q. Phú Nhuận, TP. Hồ Chí Minh (TPHCM)",www.namchamgiasi.com,namchamgiasi@gmail.com,0901 870 789,,,,,,
b70va17v,Nam Châm VINAMAG - Công Ty TNHH VINAMAG,b70va17v,"01 Đường TTN 01, P. Tân Thới Nhất, Q. 12, TP. Hồ Chí Minh (TPHCM)",www.sieuthinamcham.net,dinhvan7979@gmail.com,0906 330 335,314953765,,,,,
a37kj78x,Tổng Kho Nam Châm,a37kj78x,"Khu Thương Mại Tòa Chung Cư N3, Tập Thể Nguyễn Công Chứ, Phố Huế, Q. Hai Bà Trưng, Hà Nội",www.tongkhonamcham.com,tongkhonamcham@gmail.com,0962158383,,,,,,
g88vr30f,Phụ Kiện Nội Thất VILUBI - Công Ty TNHH VILUBI,g88vr30f,"75 Trần Quang Diệu, Phường Tân Bình, TP. Dĩ An, Bình Dương",www.vilubi.com,info@vilubi.com,"0933 788 055, 0792 434 242",,,,,,
b99xb73o,"Nam Châm, Keo Nến DLP Việt Nam - Công Ty TNHH DLP Việt Nam",b99xb73o,"No10 Liền Kề 357, Khu Cổng Đồng, P. La Khê, Q. Hà Đông, Hà Nội",www.vatlieudonggoidlp.bizz.vn,vatlieudonggoidlp@gmail.com,0966 359 635,,,,,,
c59au21n,Chi Nhánh Công Ty TNHH ROYAL GROUP Việt Nam,c59au21n,"Số 58 Trần Văn Khánh, P. Tân Thuận Đông, Q. 7, TP. Hồ Chí Minh (TPHCM)",www.thegioinamcham.com,contact@royalgroupvn.com,0938 119 169,105882662,,,,,
u15bx76c,Nam Châm Đại Việt - Công Ty TNHH Nam Châm Đại Việt,u15bx76c,"Km69, QL37, Cụm Công Nghiệp An Đồng, Thị Trấn Nam Sách, Hải Dương",www.namchamdaiviet.vn,namchamdaiviet@gmail.com,0912 32 42 72,801261701,,,,,
a88fl38d,Công Ty TNHH Phụ Kiện Và Công Nghệ ANT Việt Nam,a88fl38d,"331/70/121 Phan Huy Ích, P. 14, Q. Gò Vấp, TP. Hồ Chí Minh (TPHCM)",www.namchamvina.com,info@antvn.com.vn,0919488399,314591226,,,,,
e88zq80a,Công Ty TNHH GMT VINA,e88zq80a,"Số 9C, Ngõ 401/21 Xuân Đỉnh, P. Xuân Đỉnh, Q. Bắc Từ Liêm, Hà Nội",www.tongdailynamcham.com,tongdailynamcham@gmail.com,0986145858,108032991,,,,,
u93yl43j,Công Ty TNHH Sản Xuất Nam Châm Việt,u93yl43j,"18 Đường Số 16, KP. 4, P. Hiệp Bình Chánh, Tp. Thủ Đức, TP. Hồ Chí Minh (TPHCM)",www.namchamviet.com,vietmagnet@magnetic.com.vn,(028) 66502299,310260632,,,,,
b27bt44s,Công Ty Cổ Phần Nam Châm Việt Nam,b27bt44s,"Số 11, Ngõ 15, Phố Hoàng Như Tiếp, P. Bồ Đề, Q. Long Biên, Hà Nội",www.namcham.com.vn,namchamvina@gmail.com,0888199255,107027766,,,,,
f34sc99u,Công Ty TNHH Nam Châm Toàn Cầu,f34sc99u,"430/53 Cách Mạng Tháng 8, P. 11, Q. 3, TP. Hồ Chí Minh (TPHCM)",www.namchamtoancau.com,vuuongnamcham@gmail.com,"(028) 66845599, 0976020699",313286170,,,,,
e62he43k,Nam Châm Đại Phát,e62he43k,"195 Xa Lộ Hà Nội, P. An Phú Đông, Q. 12, TP. Hồ Chí Minh (TPHCM)",www.namcham.info,info.namchamgiare@gmail.com,0937 787 699,,,,,,
l54xp24y,Công Ty TNHH Sản Xuất Và Thương Mại Nam Châm Hoàng Nam,l54xp24y,"520/90/8/16 QL13, KP. 6, P. Hiệp Bình Phước, Tp. Thủ Đức, TP. Hồ Chí Minh (TPHCM)",www.namchamhoangnam.com,namchamhoangnam@gmail.com,"0988813818, 0913192069",311324712,,,,,
n27aw51x,Công Ty TNHH OneMag Việt Nam,n27aw51x,"75 Tên Lửa, P. Bình Trị Đông B, Q. Bình Tân, TP. Hồ Chí Minh (TPHCM)",www.onemagvn.com,phuongthuy.onemag@gmail.com,"(028) 22508065, 0975 425 610",315558486,,,,,
o96th75v,Công Ty Cổ Phần Lực Phát,o96th75v,"195/15 Xô Viết Nghệ Tĩnh, P. 17, Q. Bình Thạnh, TP. Hồ Chí Minh (TPHCM)",www.namchamlucphat.com,namchamlucphat@gmail.com,"(028) 35180708, 0918083880",311209406,,,,,
j54fd30p,Công Ty LKT1827 Electronic Service,j54fd30p,"Số 551/17 Đường Phạm Văn Chí, P. 7, Q. 6, TP. Hồ Chí Minh (TPHCM)",www.lkt1827.com,hotro@lkt1827.com,0978001827,,,,,,
m57mq60q,Công Ty TNHH SX TM&DV Đất Việt,m57mq60q,"147/50/8 Tân Mai, P. Tân Mai, Q. Hoàng Mai Hà Nội",www.khonamcham.com,khonamcham@gmail.com,0986533628,109598250,,,,,
a18ca38m,Công Ty TNHH Thương Mại 3M - Techco,a18ca38m,"Số 9, Ngõ 40/2 Tạ Quang Bửu, P, Bách Khoa, Q. Hai Bà Trưng, Hà Nội",www.chotroihn.vn,chotroihn.vn@gmail.com,0963288854,,,,,,
b45fh95c,Công Ty TNHH Dịch Vụ Doanh Nghiệp Việt,b45fh95c,"Số 161, Tổ 24, KP. 6, P. Long Bình, TP. Biên Hòa, Đồng Nai",www.damaithep.vn,hongkhuyennguyen75@gmail.com,0909123724,3602943913,,,,,
t94qg19g,Tổng Đại Lý Nam Châm Gaoms,t94qg19g,"Số 19C Ngõ 401/21 Xuân Đỉnh, Q. Bắc Từ Liêm, Hà Nội",www.tongdailynamcham.com,tongdailynamcham@gmail.com,0395713892,,,,,,
o63uz99v,Công Ty TNHH Công Nghệ Sinomag Việt Nam,o63uz99v,"Lô 131A2, 131B1 Khu Công Nghiệp Long Giang, Xã Tân Lập 1, Huyện Tân Phước, Tiền Giang",www.sinomagtech.com,sales01@sinomagtech.vn,"(0273) 7303688, 0766434535",1201541466,,,,,
m78oq35s,Công Ty TNHH Kỹ Thuật GE,m78oq35s,"Tầng 6, Tòa nhà Sinh Plaza, Số 18-20 Đức Diễn, P. Phúc Diễn, Q. Bắc Từ Liêm, Hà Nội",www.getechnology.com.vn,sales@getechnology.com.vn,0974064299,107357965,,,,,
w77st12d,Nam Châm Đất Việt,w77st12d,"147/50/8 Tân Mai, Q. Hoàng Mai, Hà Nội",www.namchamdatviet.com,namchamdatviet@gmail.com,0984896448,,,,,,
z35um16z,Công Ty TNHH Wakyo Magall,z35um16z,"20/5 Đường Tân Cảng, P. 25, Q. Bình Thạnh, TP. Hồ Chí Minh (TPHCM)",,sales@wakyou-magall.com,(028) 35127637,303218887,,,,,
j80mz71a,CÔNG TY TNHH LTD ĐỨC MẠNH,j80mz71a,"Thôn Đông Mai, Xã Chỉ Đạo, Huyện Văn Lâm, Tỉnh Hưng  Yên",https://ducmanhltd.com/,ctyltdducmanh@gmail.com,0963 896 387,,,,,,
o45ix62f,CÔNG TY TNHH MTV CƠ ĐIỆN LÂM ĐIỀN KHANG,o45ix62f,"Số 156 Đường ĐT 743A, Kp. Đông An, P. Tân Đông Hiệp, TP. Dĩ An, Bình Dương",www.diencodian.com,lamdienkhang1@gmail.com,0908 871 746,3702758706,,,,,
y36ia83v,LINH KIỆN ĐIỆN TỬ TPHCM,y36ia83v,"40/12 Lữ Gia, Phường 15, Quận 11, TP. Hồ Chí Minh",https://caka.vn/,linhkiencaka@gmail.com,(096) 3631012,41K8018481,,,,,
r47qp98b,Tên công ty Điện Tử QUỲNH DIỄN,r47qp98b,"Số 182/19 Đường Chiến Lược, P. Bình Trị Đông, Q. Bình Tân, TP. Hồ Chí Minh",https://linhkienquynhdien.com/,linhkienquynhdienvn@gmail.com,0988.368.542,8788962932-001,,,,"inductor, insulating paper, copper wire, iron transformer",
n80qy56g,CÔNG TY TNHH KIM LOẠI MÀU ĐÔNG DƯƠNG,n80qy56g,"Thị Tứ Bô Thời, Xã Hồng Tiến, Huyện Khoái Châu , Tỉnh Hưng Yên, Việt Nam",https://www.orientmetal.vn/,sales@orientmetal.vn,0983 959 136,,,,,"Copper wire, Copper pieces, Copper core",
j71hm69c,Ngo Han Joint Stock Company ,j71hm69c,"Km35, Quốc lộ 51, Xã Phước Thái, Huyện Long Thành, Tỉnh Đồng Nai, Việt Nam",http://ngohanwire.com/,,02513-841578,,,,,"bare copper wire, enameled copper and aluminum wire, insulated paper-covered aluminum wire",
x58lw64g,CÔNG TY CP KIM LOẠI MÀU & NHỰA ĐỒNG VIỆT,x58lw64g,"51 Đường B4, P. An Lợi Đông, Tp. Thủ Đức, Tp. Hồ Chí Minh",https://dovinametal.com/,dongviet@dovinametal.com.vn,028 3825 3124,309174756,2008,90000m2 ,,"Copper, aluminum and plastic products",
u77ez30d,CÔNG TY DÂY ĐỒNG VIỆT NAM CFT,u77ez30d,"Khu Công Nghiệp Long Đức: Đường D3-3, Xã Long Đức Huyện Long Thành,T.Đồng Nai",https://cft-vietnam.com/,,02513.833.500,,1996,,,"copper rod, copper wire, fine wire ",
r77ac68l,Công ty Cổ phần Dây và Cáp SACOM,r77ac68l,"Đường số 4, KCN Long Thành, xã Tam An, huyện Long Thành, tỉnh Đồng Nai, Việt Nam",https://www.sacom.com.vn/,,(0251)3514989,,1994,,,"copper wire, copper cable, electronic wire",
t47zm92b,CÔNG TY TNHH ĐỒNG KỸ THUẬT KOREA VIỆT NAM.,t47zm92b,"KCN Đồng Văn I, Phường Đồng Văn, Thị xã Duy Tiên, Tỉnh Hà Nam",https://kctvina.vn/,contacts@kctvina.vn,0226.3.577.001,,2007,32.614 m2,,Electromagnetic copper wire - Round copper wire - Braided copper wire ,
y96xs25p,CÔNG TY TNHH THƯƠNG MẠI DỊCH VỤ KỸ THUẬT LÂM PHÚ,y96xs25p,"279A-281 Trương Thị Hoa, Phường Tân Thới Hiệp, Quận 12, TP. Hồ Chí Minh.",https://maycatdayedm.com/vi/,,0938.923.778,,,,,,
c99rr63l,Công ty TNHH Đồng Kỹ Thuật Korea Việt Nam (KCT),c99rr63l,"KCN Đồng Văn I, Phường Đồng Văn, Thị xã Duy Tiên, Tỉnh Hà Nam",https://kctvina.vn/,contacts@kctvina.vn,0226.3.577.001,,,,,,
y81iz16m,Công ty TNHH thiết bị công nghiệp HT Sài Gòn,y81iz16m,"100/19 Quốc lộ 1A, Khu phố 4, Phường Hiệp Bình Phước, Thành phố Thủ Đức, Thành phố Hồ Chí Minh, Việt Nam",bacdanskf.com,bacdanhtsaigon@gmail.com,0849.485.891,0317878273,,,,,
j78ss92b,Công ty TNHH Thiết bị công nghiệp BNS Việt Nam,j78ss92b,"Số 172 C4 KĐT Mới Đại Kim – Định Công, P. Đại Kim, Q. Hoàng Mai, Tp. Hà Nội",https://bnsvn.com.vn/,inforbnsvn@gmail.com,0934.528.398,0109983887,,,,,
o73fq55t,Công Ty TNHH Thương Mại Dịch Vụ Diệu Linh Hoàng,o73fq55t,"Số 13/33 Khu Phố Bình Hòa , P. Lái Thiêu, TP. Thuận An, Bình Dương",www.bacdandieulinhhoang.com,duan.hoangsp@yahoo.com,0985355435,,,,,,
b46yx28v,Công Ty TNHH Thiết Bị Công Nghiệp Huy Khang,b46yx28v,"Số 1368 Hẻm 1423/286, Khu phố Vườn Dừa, Phường Phước Tân, Thành Phố Biên Hoà, Đồng Nai",www.phutunghuykhang.com,phutunghuykhang@gmail.com,0909 158 286,03603755214,,,,,
l70no28s,Công Ty TNHH MTD Trading,l70no28s,"Số 5 đường 23, Khu phố 3, P. Linh Chiểu, TP. Thủ Đức, TP. Hồ Chí Minh",www.bacdannhapkhau.com,mtdtrading2050@gmail.com,0916 90 44 55,0312864799,,,,,
x91jr36z,Công Ty TNHH Đầu Tư Và Thương Mại VMT,x91jr36z,"Lô 8.2 - 01 Khu Đô Thị Mới Phía Tây, Phường Tân Bình, Thành Phố Hải Dương, Hải Dương",www.vongbi24h.com,info.vongbi24h@gmail.com,0904 287 088,,,,,,
k37hg77d,Công Ty TNHH Một Thành Viên Thương Mại Hải Lan,k37hg77d,"Số 34, Đường Số 19, KDC Bình Hưng, H. Bình Chánh, TP. Hồ Chí Minh (TPHCM)",,hungminh1073@gmail.com,094 985 0608,0306040560,,,,,
t17gk83p,CÔNG TY TNHH THIÊN PHÚ HÓA,t17gk83p,"7G/2, KP 1B, P. An Phú, TX. Thuận An, Bình Dương",www.bacdantph.com,curoa.tph@gmail.com,0912 408 408,,,,,,
l11se79x,CÔNG TY TNHH MỘT THÀNH VIÊN TM & DV VẬN TẢI VÂN THANH TRANG,l11se79x,"73 Kỳ Đồng, phường Thanh Khê Đông, Quận Thanh Khê, Tp. Đà Nẵng",https://vongbibacdannhat.com/,buianhtuan10101973@gmail.com,0905 951 935,0401358995,,,,,
s86tu95i,CÔNG TY TNHH ĐẦU TƯ XUẤT NHẬP KHẨU VÀ THƯƠNG MẠI AN PHÁT,s86tu95i,"Nhà 25 – DV01 – Lô 01 Nguyễn Khắc Hạnh, phường Mộ Lao, quận Hà Đông, Thành phố Hà Nội, Việt Nam",www.vongbianphat.com,vongbianphat@gmail.com,0913642686,,,,,,
d72za22f,CÔNG TY TNHH XNK KHANG NINH,d72za22f,"Số 89 đường Hoàng Ngọc Phách, phường Kênh Dương, quận Lê Chân, Hải Phòng",https://xnkkhangninh.com/,zwzgroup1@gmail.com,0904 339 266,,,,,,
b25rg58r,NHÀ PHÂN PHỐI BẠC ĐẠN TÀI PHÁT,b25rg58r,"Số 152/14/2, Tổ 6, Ấp Bình Lâm, Xã Lộc An, Huyện Long Thành, Đồng Nai",http://bacdantaiphat.com/,bacdanducphat@gmail.com,0978 55 00 79,,,,,,
s40iy10v,CÔNG TY TNHH THƯƠNG MẠI VÒNG BI THẾ GIỚI,s40iy10v,"270/9A, KP3A, Đường TTH02, Phường Tân Thới Hiệp, Quận 12, Hồ Chí Minh",https://vongbigiare.vn/,admin@vongbithegioi.com.vn,0838917748,,,,,,
i49gb42l,CÔNG TY TNHH TM THIẾT BỊ CÔNG NGHIỆP HUYỀN TRANG,i49gb42l,"66/07/12 Huỳnh Văn Nghệ, Phường 15, Quận Tân Bình, TP. HCM",https://huyentrang.com.vn/,ietc@huyentrang.com.vn,0934.17.6969,0309475312,,,,,
b19jz13d,Công ty TNHH TM & DV XNK Tân Hiệp Sanh,b19jz13d,"C4/14, ấp 3, xã Tân Kiên, huyện Bình Chánh, Thành phố Hồ Chí Minh",www.ineco.vn,dg.bizinfo@gmail.com,097 58 58 168,0314850336,,,,,
l79oj32d,CÔNG TY CỔ PHẦN CÔNG NGHIỆP TRƯỜNG PHÁT,l79oj32d,"Nhà 25 – DV01 – Lô 01 Nguyễn Khắc Hạnh, phường Mộ Lao, quận Hà Đông, Thành phố Hà Nội, Việt Nam",www.vongbitruongphat.com,truongphat.tpjsc@gmail.com,0913 642 686,,,,,"Vòng bi, gối đỡ",
w29qp17x,Công Ty TNHH Kinh Doanh Thiết Bị Công Nghiệp Mỹ Phước,w29qp17x,"Khu ECOHOME1, Đường R9B-6, Số A2-24, P. Thới Hòa, TP. Bến Cát, Bình Dương",http://bacdanmiennam.com/,thietbicongnghiep.bc@gmail.com,933715071,,,,,"vòng bi, dây cubua, nhông xích và băng tải ",
m37vf86r,CÔNG TY TNHH THƯƠNG MẠI XUẤT NHẬP KHẨU VÒNG BI HƯNG THỊNH PHÁT,m37vf86r,"Số 2 ngách 214/40, ngõ 215 Định Công Thượng, Phường Định Công, Quận Hoàng Mai, Hà Nội",http://vongbihungthinhphat.bizz.vn/,htpvongbi886@gmail.com,0913 943 486,,,,,,
t62mn71z,Công Ty TNHH thương mại Tân Đại Long,t62mn71z,"396 Hồng Bàng, Phường 16, Quận 11, TP.Hồ Chí Minh ",www.vongbikg.com,info@tandailongbearings.com.vn,028 3969 9384,,,,,,
h68ue37t,Công ty TNHH Trường Thành,h68ue37t,"Số 21, Liền kề 15, Khu Đô Thị Văn Phú, Hà Đông, Hà Nội",Vongbitruongthanh.com,admin@vongbitruongthanh.vn,0931863888,,,,,Vòng bi - dây curoa ,
p29ka19r,CÔNG TY CỔ PHẦN THƯƠNG MẠI VÀ CÔNG NGHỆ TST VIỆT NAM,p29ka19r,"Số 24 dãy E, khu Yên Hòa, Phường Yên Hoà, Quận Cầu Giấy, Thành phố Hà Nội, Việt Nam",,vantao@tstvietnam.vn,0988.920.565,0106074788,,,,,
v85ht91h,Sao Việt ,v85ht91h,"Trần Văn Khánh, Phường Tân Thuận Đông, Quận 7, Thành phố Hồ Chí Minh",https://thegioi-congnghiep.com/,saoviettinfor@gmail.com,0947.987.668,,,,,,
w23vc63t,CÔNG TY TNHH TITANIUM SYNERGY VIỆT NAM,w23vc63t,"Lầu 10, 25 Hoàng Hoa Thám, phường 6, quận Bình Thạnh, Tp. Hồ Chí Minh.",https://www.titaniumsynergy.com/,trananhthu@coex.vn,"84 (0)936 120 196 (Mobile, Zalo)",0315307926,2018,Medium,,,
m21pw11o,FSI VIET NAM COMPANY LIMITED,m21pw11o,"Số 226 đường Võ Chí Công, Phường Xuân La, Quận Tây Hồ, Thành phố Hà Nội, Việt Nam",www.fsivietnam.net,infor@fsivietnam.net,2462726969,103812250,2009,Medium,,,
c86km64n,CÔNG TY TNHH NGŨ KIM HƯNG LONG,c86km64n,"(Thuê xưởng XN Giấy Tiến Thành) khu Cầu Ngà, Phường Vân Dương, Thành phố Bắc Ninh, Tỉnh Bắc Ninh, Việt Nam",http://nhomhunglongvn.com/,congtyhunglongbn@gmail.com.,0388 61 5559 – 032 963 9898.,2300935819,2016,Small ,,,
d97mr40t,THIẾT BỊ TRAO ĐỔI NHIỆT DTP - CÔNG TY CỔ PHẦN KỸ THUẬT CÔNG NGHỆ DTP,d97mr40t,"759/7A Hương Lộ 2, Khu Phố 2, Phường Bình Trị Đông, Quận Bình Tân, TP. Hồ Chí Minh (TPHCM)",www.dtptech.vn,info@dtptech.vn,"0968803454, 0968872457",0317003578,2021,Medium,,,
m53og30s,Công Ty TNHH Kim Loại VT,m53og30s,"39/12 Đường Gò Dưa, P. Tam Bình, Q. Thủ Đức, TP. Hồ Chí Minh (TPHCM)",www.nikeninox.com,saletitaninox@gmail.com,0399 884 068 ,0315262665,2018,Medium,,,
m12mh77j,Công Ty TNHH Công Nghiệp Quốc Tế Châu Dương,m12mh77j,"Tầng 10, Toà Nhà Ladeco, 266 Đội Cấn, P. Liễu Giai, Q. Ba Đình, Hà Nội",www.chauduongsteel.net,hoquyvuongfengyang@gmail.com,0982 490 238,0106355242,2007,Medium,,,
h92jn82y,Công Ty TNHH Kim Loại G7,h92jn82y,"133/14/1E Bình Thành, Phường Bình Hưng Hòa B, Quận Bình Tân, TP. Hồ Chí Minh (TPHCM)",www.kimloaig7.com,kimloaig7.com@gmail.com,0909 304 310,0314801755,2018,Medium,,,
w74ez86a,Công Ty TNHH TM DV Thép Khánh Nam,w74ez86a,"180 Bình thành, KP 4, P. Bình Hưng Hòa, Q. Bình Tân, TP. Hồ Chí Minh (TPHCM)",www.haihoaphat.com,satthepkhanhnam@gmail.com,0938 373 636,0314503124,2017,Medium,,,
r66lr92q,Công Ty TNHH Một Thành Viên Vật Liệu Titan,r66lr92q,"133/14/5 Bình Thành, P. Bình Hưng Hòa B, Q. Bình Tân, TP. Hồ Chí Minh (TPHCM)",www.titaninox.vn,titaninox.vn@gmail.com,0902 280 582,0312983281,2014,Small,,,
w29kl15k,Xi Mạ Vũ Tấn - Công Ty TNHH Thương Mại Kỹ Thuật Vũ Tấn,w29kl15k,"Đường Liên Khu 5-6, Khu Phố 9, Phường Bình Hưng Hòa B, Quận Bình Tân, Tp. Hồ Chí Minh.",www.vutanco.com,sale2@vutanco.com,0932 630 089,0312654336,2014,Medium,,,
x65zp59q,NIPPON MOLD STEEL VIETNAM,x65zp59q,"162 XA LỘ HÀ NỘI, KHU PHỐ QUYẾT THẮNG, PHƯỜNG BÌNH THẮNG, TP DĨ AN, BÌNH DƯƠNG",https://nipponmoldsteel.com/,,02513.811.381,,,,,"steel, aluminum, copper",
y75ru66t,CÔNG TY TNHH TM KT THIÊN ĐĂNG,y75ru66t,"157/7, Tổ 7, Khu Phước Long, Thị Trấn Long Thành, Huyện Long Thành, Tỉnh Đồng Nai",https://thiendang.com.vn/,sales@thiendang.com.vn,1900-8180,,2018,,,thép - inox - nhôm,
o46nq19t,CÔNG TY TNHH KIM KHÍ FUJI VIỆT NAM,o46nq19t,"Số 13 Quốc Lộ 51, Khu Phố Đồng, Phường Phước Tân, Thành Phố Biên Hoà , Đồng Nai",https://fujimetal.vn/,info@fujivina.com,1900 599 834,03602730432,2018,,,,
y95bx88g, Công Ty TNHH Thương Mại Xuất Nhập Khẩu Hà Khánh,y95bx88g,"Số 360, QL 1A, KP. 3, P. Tam Bình, Thành Phố Thủ Đức, TP. Hồ Chí Minh, Việt Nam",https://inoxhakhanh.com.vn/,innoxhakhanh@gmail.com,02839.139.168,0312350987,,,,inox ,
z15qc33y,INOX Tấn Thành,z15qc33y,"496A/19 Ấp1, Xã An Phú Tây, Huyện Bình Chánh, TP. Hồ Chí Minh",https://inoxtanthanh.com/,tanthanh.steel168@gmail.com,0969 36 37 38,,2004,250,,,
j90rh27a,Kim Khí Việt Anh ,j90rh27a,KCN Duyên Thái - H.Thường Tín - Hà Nội,https://inoxvietanh.vn/,inoxvietanh69@gmail.com ,0973.462.975,,,,,,
q68ld68j,CÔNG TY TNHH MTV INOX KÍNH THÀNH,q68ld68j,"856 Trường Chinh, Quận Cẩm Lệ, Tp. Đà Nẵng",http://inoxkinhthanh.com/,inoxkinhthanh@gmail.com,(0236) 222 9594,,,,,,
j71dl52p,CÔNG TY TNHH ĐẦU TƯ THƯƠNG MẠI KIM LOẠI AN PHƯỚC,j71dl52p,"94/20/5 Đường số 2, Kp.6, P.Hiệp Bình Phước, TP.Thủ Đức, TP.Hồ Chí Minh",inoxanphuoc.com.vn,inoxanphuoc@gmail.com,0903.103.916,0318184768,,,,,
d92fi33k,Inox Tiên Phong - Công Ty TNHH Inox Tiên Phong,d92fi33k,"Lô M3-37 Đường Số 28, KDC Vĩnh Phú 2, Phường Vĩnh Phú, Thành Phố Thuận An, Bình Dương, Việt Nam",https://inoxtienphong.com.vn/,salestienphong1@gmail.com,0961.744.740,,,,,,
z89up42l,CÔNG TY TNHH CÔNG NGHIỆP NAM THUẬN PHÁT,z89up42l,"Tổng kho kim khí số 1, Tam Hiệp, Thanh Trì, Hà Nội",www.namthuanphatgroup.com,,0936.41.5758,,,,,,
c66fx52m,CÔNG TY TNHH SẢN XUẤT THƯƠNG MẠI & XUẤT NHẬP KHẨU THỊNH PHÁT,c66fx52m,"967 Giải Phóng, P. Giáp Bát, Q. Hoàng Mai, Hà Nội",http://inoxthinhphat.com/,inoxthinhphat123@gmail.com,0942304316,,,,,,
c74ya14h,CÔNG TY TNHH THÉP KHÔNG GỈ VĨNH PHÁT,c74ya14h,"17 Đường 49A, Khu Phố 8, Phường Tân Tạo, Quận Bình Tân, TP. Hồ Chí Minh",www.thepkhonggi.com.vn,vinhphatinox@gmail.com,090 2727 070,,,,,,
l73bw21e,Công Ty TNHH Kim Loại Cường Quang,l73bw21e,"68 Lê Sát, P. Tân Quý, Q. Tân Phú, TP. Hồ Chí Minh, Việt Nam",https://inoxmauvietnam.com/,cuongquanginox@gmail.com,02838908668,0305660522,39542,,,,
x94mq50l,CÔNG TY TNHH TM SẢN XUẤT DV CƠ KHÍ PHẠM UY,x94mq50l,"Thôn Tây 3, Diên Sơn, Diên Khánh, Nha Trang, Khánh Hoà",www.inoxphamuy.com,cokhi777@gmail.com,(0258) 3876020,,,,,,
m93qp46u,Công Ty TNHH Thép H & D,m93qp46u,"Số Nhà 46, Ngõ 14 Nguyễn Lân, Phường Phương Liệt, Quận Thanh Xuân, Hà Nội",https://hdsteel.com.vn,duonghd@hdsteel.com.vn,0903 262 566,0101185325,2001,Medium,,"Aluminum, steel, copper, copper alloy",
a72jg94g,Garmco Metals - Công Ty TNHH Garmco Metals Việt Nam,a72jg94g,"Lô 1-1&2 Đường N3-2, KCN Long Đức, X. Long Đức, H. Long Thành, Đồng Nai",www.garmco.com,luudung.nguyen@garmco.com,0931 339 566,0313994751,2016,Large,,"Aluminum (Coils, tubes, Sheets, Ingots, Alloys)",
e58yf82b,Nhôm Thỏi Grvmetal - Công Ty TNHH Tái Chế Xanh Việt Nam,e58yf82b,"Lô 6,7,8 Bình Than, Khu Bồ Sơn 3, P. Võ Cường, TP. Bắc Ninh, Bắc Ninh",www.grvmetal.com,infor@grvmetal.com,0905 786 996,2301182244,2017,Large ,,"Aluminum (Coils, tubes, Sheets, Ingots, Alloys), Scrap - Buying Scrap",
g44tz21b,Công Ty Cổ Phần Nhôm Việt Pháp SHAL - Nhà Máy Nhôm Việt Pháp,g44tz21b,"Lô KT, KCN Phúc Sơn, Đường Trần Nhân Tông, P. Ninh Sơn, TP. Ninh Bình, Ninh Bình",www.vietphapshal.com.vn,sales@vietphapshal.com.vn,0988 899 691,2700793076,2015,Large ,,"Aluminum Profiles, Aluminum Profiles, Aluminum (Coils, Tubes, Sheets, Ingots, Alloys), Aluminum Glass",
c36lj51n,Nhôm Minh Dũng - Công Ty TNHH Nhôm Minh Dũng,c36lj51n,"Thửa Đất Số 11, Tờ Bản Đồ 50, Cụm CN Dốc Sặt, P. Trang Hạ, TX. Từ Sơn, Bắc Ninh",www.nhomminhdung.vn,minhdung.ltd.vn@gmail.com,0969 990 686,2300986940,2017,Small ,,"Aluminum (Coils, tubes, Sheets, Ingots, Alloys), Copper Scrap, Aluminum, Iron, Steel",
l89sy21e,Công Ty TNHH Thương Mại Dịch Vụ Tín Hào Phong,l89sy21e,"48 Hà Tôn Quyền, Phường 12, Quận 5, TP. Hồ Chí Minh (TPHCM)",www.dongthautinhaophong.com,binhchautieu06@gmail.com,0903 31 44 41,304851531,2007,Large ,,"copper and copper alloys, aluminum, aluminum alloy, non-ferrous metal",
d65sk62t,Nhôm Hợp Kim An Phát Gia - Công Ty TNHH Xuất Nhập Khẩu Thương Mại An Phát Gia,d65sk62t,"398B Mã Lò, KP. 10, P. Bình Hưng Hòa A, Q. Bình Tân, TP. Hồ Chí Minh (TPHCM)",www.anphatgia.com,ctyanphatgia@gmail.com,0937 892 998,0312357622,2013,Large ,,"Non-ferrous Metals, Aluminum (Coils, Tubes, Sheets, Ingots, Alloys), Brass, Copper, Copper Sheets, etc. Copper Alloys",
n51vk38j,Kim Loại Màu Banhay - Công Ty Cổ Phần Banhay,n51vk38j,"Số 303 Vĩnh Hưng, Q. Hoàng Mai, Hà Nội",www.kimloaimau.banhay.vn,info@banhay.com,0981 611 919,0106161871,2013,Large ,,"Non-ferrous Metals, Aluminum (Coils, Tubes, Sheets, Ingots, Alloys), Brass, Copper, Copper Sheets, etc. Copper Alloys",
n91as25a,Thép Minh Phát - Công Ty TNHH MTV TM DV Minh Phát Steel,n91as25a,"96/51/22 Trương Văn Vĩnh, P. Tân Bình, TP. Dĩ An, Bình Dương",www.minhphatsteel.com,minhphatsteel68@gmail.com,0974 812 832,3703133947,2023,Large ,,"Mold Steel, Aluminum (Coils, Tubes, Sheets, Ingots, Alloys), Iron",
i84jr33m,Nhôm Hiến Thành - Công Ty Trách Nhiệm Hữu Hạn Hiến Thành,i84jr33m,"24 Tôn Đức Thắng, P. Trần Nguyễn Hãn, Q. Lê Chân, Hải Phòng",www.nhomhienthanh.com,nhomhienthanh1977@gmail.com,0936 424 888,0200449547,2002,Large ,,"Aluminum (Coils, tubes, Sheets, Ingots, Alloys), Household Appliances",
z80cy99b,Kim Loại Màu Hải Nguyên - Công Ty TNHH Thương Mại Dịch Vụ Xuất Nhập Khẩu Hải Nguyên,z80cy99b,"Số 2A Lý Tuệ, P. Tân Phú, Q. Tân Phú, TP. Hồ Chí Minh (TPHCM)",www.nhomhopkim.com,muabankimloaimau@gmail.com,0906 896 876,0312232221,2013,Small ,,"Non-ferrous Metals, Stainless Steel, Stainless Steel, Copper Alloy, Aluminum (Coils, Tubes, Sheets, Ingots, Alloys)",
u39wk95t,Nhôm Tín Kim - Công Ty Cổ Phần Nhựa Tín Kim,u39wk95t,"Số C2.7, Đường Đ3, KCN Đồng An 2, P. Hòa Phú, TP. Thủ Dầu Một, Bình Dương",www.tinkimplast.vn,tinkimplast@tinkimplast.vn,0247 3515996,3701748920,2010,Large ,,"Aluminum (Coils, tubes, Sheets, Ingots, Alloys), Shaped Aluminum, Shaped Aluminum Bars",
o90xm21m,Công Ty TNHH Sản Xuất Thương Mại Đức Thịnh,o90xm21m,"Số Nhà 24, Đường Số 36, Khu Đô Thị Vạn Phúc, P. Hiệp Bình Phước, TP. Thủ Đức, TP. Hồ Chí Minh (TPHCM)",www.nhomducthinh.com,kinhdoanh@inoxducthinh.com,0939 116 117,0305247749 ,2007,Large ,,"Aluminum (Coils, tubes, Sheets, Ingots, Alloys), Stainless steel bars, stainless steel",
l13fe40b,Công Ty TNHH Plastic Hồng Phúc,l13fe40b,"Đường 295, TT. Chờ, H. Yên Phong, Bắc Ninh",www.plastichongphuc.com,plastic.hongphuc@gmail.com,0961 495 678,2400793149,2016,Large ,,"Engineering Plastics, PVC, PP, PE, ABS, POM, PA,.. Aluminum (Coils, Pipes, Sheets, Ingots, Alloys)",
z44zv18z,Công Ty Cổ Phần Kim Loại Màu Và Nhựa Đồng Việt,z44zv18z,"Số 35, Đường số 10, P. An Lợi Đồng, Q. 2, Tp. Hồ Chí Minh",www.dovinametal.com,ntkcanh@dovinametal.com.vn,0937 493 131,0309174756,2009,Large ,,"Copper Wire, Copper Thread, Aluminum (Coils, Tubes, Sheets, Ingots, Alloys), PVC Plastic Granules",
w40bx45c,Công Ty TNHH Chế Biến Nhôm Liên Hòa,w40bx45c,"Khu phố 5, Phường Chánh Phú Hòa, Thị xã Bến Cát, Bình Dương",www.lienhoavn.com,carterhoangvn@gmail.com,0906 766 163,044090/GP-UB,2004,Large ,,"Scrap Copper, Aluminum, Iron, Steel, Aluminum (Coils, tubes, Sheets, Ingots, Alloys)",
h78il56q,Công Ty TNHH Thương Mại Dịch Vụ Xuất Nhập Khẩu Hoàn Nguyên,h78il56q,"404 Lý Thường Kiệt, P. 7, Q. Tân Bình, TP. Hồ Chí Minh (TPHCM)",www.sisco.vn,satthepsgltk@gmail.com,0913 804 736,0304908185,2007,Large ,,"Aluminum (Coils, tubes, Sheets, Ingots, Alloys), Stainless Steel, Stainless Steel",
l33yx28j,Công Ty Cổ Phần Pro Materials Việt Nam,l33yx28j,"80 Xa lộ Hà Nội, Phường Tân Phú, Thành Phố Thủ Đức, TP. Hồ Chí Minh (TPHCM)",www.pmvina.com,khanhly@pmvina.com,0915866556,0107008731,2015,Large ,,"Aluminum (Coils, tubes, Sheets, Ingots, Alloys), Shaped Aluminum, Shaped Aluminum Bars, Non-ferrous Metals",
o61np80t,Kim Loại Thiên Hương - Công Ty TNHH Thương Mại Dịch Vụ Xuất Nhập Khẩu Kim Loại Thiên Hương,o61np80t,"A2 Ô 22, Khu Dân Cư Thuận Giao, P. Thuận Giao, TX. Thuận An, Bình Dương",www.thienhuongvn.com,angel121730@yahoo.com,0935 353 182,3702584457,2017,Large ,,"Aluminum (Coils, Tubes, Sheets, Ingots, Alloys), Brass, Copper, Copper Sheets, etc. Copper Alloys",
b85in57v,CÔng Ty TNHH Sản Xuất Thương Mại Dịch Vụ Việt Khiêm,b85in57v,"8-9 Đường Số 6D, Khu TTCN Lê Minh Xuân, X. Tân Nhựt, H. Bình Chánh, TP. Hồ Chí Minh (TPHCM",www.nhomvietkhiem.com,minhduc.tindat@gmail.com,0938 312 020,0305045598,2000,Large ,,"Aluminum (Coils, tubes, Sheets, Ingots, Alloys), Wires, Electric Cables",
l47jw33r,Nhôm Cát Tường - Công Ty TNHH Xuất Nhập Khẩu Cát Tường,l47jw33r,"tòa Nhà Fortune, Số 7 Đường Sông Đà, Phường 2, Quận Tân Bình TP. Hồ Chí Minh (TPHCM)",www.aluminium.com.vn,sale.admin@fortune.com.vn,(028) 38687872,0302809598,2002,Large ,,"Aluminum (Coils, tubes, Sheets, Ingots, Alloys)",
a72kv92y,Công Ty TNHH Nhôm Hợp Kim Tân Quang,a72kv92y,"Lô A6-D, KCN Hiệp Phước, Xã Long Thới, H. Nhà Bè, TP. Hồ Chí Minh (TPHCM)",www.tanquangnhom.com,info@tanquangnhom.com,0982 272 271,0302911506,2003,Large ,,"Aluminum (Coils, tubes, Sheets, Ingots, Alloys), Copper Scrap, Aluminum, Iron, Steel",
t55uj39k,Công Ty TNHH Một Thành Viên Vinh Long,t55uj39k,"68B Khu Phố 2, Đồng Khởi, P. Trảng Dài, TP. Biên Hòa, Đồng Nai",www.nhomvinhlong.com,nhomvinhlong@gmail.com,0907 520 720,3601033333,2008,Large ,,"Aluminum (Coils, tubes, Sheets, Ingots, Alloys), Shaped Aluminum, Shaped Aluminum Bars",
k94lu25c,Công Ty TNHH Một Thành Viên Thương Mại Dịch Vụ Phú Phú Hưng,k94lu25c,"659/5 Đường Mỹ Phước Tân Vạn, KP. 4, P. An Phú, TP. Thuận An, Bình Dương",www.thepphuphuhung.com,satthepphuphuhung@gmail.com,0903 556 669,3702348918,2015,Small ,,"Aluminum (Coils, tubes, Sheets, Ingots, Alloys), all kinds of steel",
x55rh50v,Công Ty Cổ Phần Sản Xuất Thương Mại Hà Thành An,x55rh50v,"Số 29/3, Đường Tân Thới Hiệp 07, KP. 3, P. Tân Thới Hiệp, Q. 12, TP. Hồ Chí Minh (TPHCM)",www.inoxhathanhan.com,thepkhonggihathanhan@gmail.com,0914 874 358,0312594422,2013,Large ,,"Stainless Steel, Stainless Steel, Aluminum (Coils, Tubes, Sheets, Ingots, Alloys)",
j61yg65p,Công Ty TNHH Sản Xuất - Thương Mại - Dịch Vụ Trần Hùng,j61yg65p,"106 Đường 47, KP. 8, P. Tân Tạo, Q. Bình Tân, TP. Hồ Chí Minh (TPHCM)",www.tranhungmetal.com,tranhungco@yahoo.com.vn,0975728241,0304992589,2007,Large ,,"Aluminum, steel, alloy",